categoryId,name,price,src
bouquets,peonies,66.23,images/products/white-peony-bouquet.png
arrangements,tulips,93.23,images/products/tulip-arrangement.png
arrangements,peony,73.23,images/products/peony-vase_300.png
wreaths,peony,56.87,images/products/peony-flower-wreath_300.png
bouquets,peonies,66.23,images/products/white-peony-bouquet.png
arrangements,tulips,93.23,images/products/tulip-arrangement.png
arrangements,peony,73.23,images/products/peony-vase_300.png
wreaths,peony,56.87,images/products/peony-flower-wreath_300.png
bouquets,peonies,66.23,images/products/white-peony-bouquet.png
arrangements,tulips,93.23,images/products/tulip-arrangement.png
arrangements,peony,73.23,images/products/peony-vase_300.png
wreaths,peony,56.87,images/products/peony-flower-wreath_300.png
bouquets,peonies,66.23,images/products/white-peony-bouquet.png
arrangements,tulips,93.23,images/products/tulip-arrangement.png
arrangements,peony,73.23,images/products/peony-vase_300.png
wreaths,peony,56.87,images/products/peony-flower-wreath_300.png
bouquets,peonies,66.23,images/products/white-peony-bouquet.png
arrangements,tulips,93.23,images/products/tulip-arrangement.png
arrangements,peony,73.23,images/products/peony-vase_300.png
wreaths,peony,56.87,images/products/peony-flower-wreath_300.png
bouquets,peonies,66.23,images/products/white-peony-bouquet.png
arrangements,tulips,93.23,images/products/tulip-arrangement.png
arrangements,peony,73.23,images/products/peony-vase_300.png
wreaths,peony,56.87,images/products/peony-flower-wreath_300.png
bouquets,peonies,66.23,images/products/white-peony-bouquet.png
arrangements,tulips,93.23,images/products/tulip-arrangement.png
arrangements,peony,73.23,images/products/peony-vase_300.png
wreaths,peony,56.87,images/products/peony-flower-wreath_300.png
bouquets,peonies,66.23,images/products/white-peony-bouquet.png
arrangements,tulips,93.23,images/products/tulip-arrangement.png
arrangements,peony,73.23,images/products/peony-vase_300.png
wreaths,peony,56.87,images/products/peony-flower-wreath_300.png
